ОКАТО,Единица измерения,Период,2025,2026
643 Российская Федерация,423 тысяча пассажиро-километров,115 январь,20945720.23,22064888.5
643 Российская Федерация,423 тысяча пассажиро-километров,114 февраль,39403552.03,40917408.41
643 Российская Федерация,423 тысяча пассажиро-километров,68 март,60589871.87,62207090.54
643 Российская Федерация,423 тысяча пассажиро-километров,61 апрель,82412250.71,83953864.21
643 Российская Федерация,423 тысяча пассажиро-километров,67 май,105558087.21,106577639.43
643 Российская Федерация,423 тысяча пассажиро-километров,66 июнь,131652554.69,
643 Российская Федерация,423 тысяча пассажиро-километров,65 июль,160788998.53,
643 Российская Федерация,423 тысяча пассажиро-километров,60 август,190767694.13,
643 Российская Федерация,423 тысяча пассажиро-километров,108 сентябрь,216838891.38,
643 Российская Федерация,423 тысяча пассажиро-километров,105 октябрь,241287219.9,
643 Российская Федерация,423 тысяча пассажиро-километров,104 ноябрь,262780039.79,
643 Российская Федерация,423 тысяча пассажиро-километров,62 декабрь,284437976.59,
